ConstantSpeed, Acceleration, TimeAtIntercept, DistanceToIntercept, SpeedAtIntercept
50.0, 3.6, 7.716049382716049, 107.1673525377229, 100.0
80.0, 3.6, 12.345679012345679, 274.3484224965706, 160.0
90.0, 3.6, 13.88888888888889, 347.22222222222223, 180.0
100.0, 3.6, 15.432098765432098, 428.6694101508916, 200.0
130.0, 3.6, 20.061728395061724, 724.4513031550066, 260.0
